{
    "iptm+ptm": {
        "model_1_multimer_v3_pred_0": 0.9221432966841774,
        "model_2_multimer_v3_pred_0": 0.9255700238386727,
        "model_3_multimer_v3_pred_0": 0.9218582945603492,
        "model_4_multimer_v3_pred_0": 0.9254523241632632,
        "model_5_multimer_v3_pred_0": 0.9178917665300566
    },
    "order": [
        "model_2_multimer_v3_pred_0",
        "model_4_multimer_v3_pred_0",
        "model_1_multimer_v3_pred_0",
        "model_3_multimer_v3_pred_0",
        "model_5_multimer_v3_pred_0"
    ]
}