{
    "iptm+ptm": {
        "model_1_multimer_v3_pred_0": 0.5546046336197501,
        "model_2_multimer_v3_pred_0": 0.5567627956939665,
        "model_3_multimer_v3_pred_0": 0.571030578308275,
        "model_4_multimer_v3_pred_0": 0.8592644217810315,
        "model_5_multimer_v3_pred_0": 0.5615474629693455
    },
    "order": [
        "model_4_multimer_v3_pred_0",
        "model_3_multimer_v3_pred_0",
        "model_5_multimer_v3_pred_0",
        "model_2_multimer_v3_pred_0",
        "model_1_multimer_v3_pred_0"
    ]
}