{
    "iptm+ptm": {
        "model_1_multimer_v3_pred_0": 0.6479315618370389,
        "model_2_multimer_v3_pred_0": 0.6304493438225947,
        "model_3_multimer_v3_pred_0": 0.6615745717647081,
        "model_4_multimer_v3_pred_0": 0.641169647266878,
        "model_5_multimer_v3_pred_0": 0.6414069748833102
    },
    "order": [
        "model_3_multimer_v3_pred_0",
        "model_1_multimer_v3_pred_0",
        "model_5_multimer_v3_pred_0",
        "model_4_multimer_v3_pred_0",
        "model_2_multimer_v3_pred_0"
    ]
}