{
    "iptm+ptm": {
        "model_1_multimer_v3_pred_0": 0.2564779803475309,
        "model_2_multimer_v3_pred_0": 0.26420747524634425,
        "model_3_multimer_v3_pred_0": 0.2871632555286152,
        "model_4_multimer_v3_pred_0": 0.25831199867609056,
        "model_5_multimer_v3_pred_0": 0.22804175447694996
    },
    "order": [
        "model_3_multimer_v3_pred_0",
        "model_2_multimer_v3_pred_0",
        "model_4_multimer_v3_pred_0",
        "model_1_multimer_v3_pred_0",
        "model_5_multimer_v3_pred_0"
    ]
}