{
    "iptm+ptm": {
        "model_1_multimer_v3_pred_0": 0.8487824933682883,
        "model_2_multimer_v3_pred_0": 0.85572622192178,
        "model_3_multimer_v3_pred_0": 0.6850692454692875,
        "model_4_multimer_v3_pred_0": 0.8555922768049475,
        "model_5_multimer_v3_pred_0": 0.8568578957651376
    },
    "order": [
        "model_5_multimer_v3_pred_0",
        "model_2_multimer_v3_pred_0",
        "model_4_multimer_v3_pred_0",
        "model_1_multimer_v3_pred_0",
        "model_3_multimer_v3_pred_0"
    ]
}