{
    "iptm+ptm": {
        "model_1_multimer_v3_pred_0": 0.7816087438166782,
        "model_2_multimer_v3_pred_0": 0.7601689725655758,
        "model_3_multimer_v3_pred_0": 0.7379521662151325,
        "model_4_multimer_v3_pred_0": 0.8110849959118668,
        "model_5_multimer_v3_pred_0": 0.7677054396659319
    },
    "order": [
        "model_4_multimer_v3_pred_0",
        "model_1_multimer_v3_pred_0",
        "model_5_multimer_v3_pred_0",
        "model_2_multimer_v3_pred_0",
        "model_3_multimer_v3_pred_0"
    ]
}