{
    "iptm+ptm": {
        "model_1_multimer_v3_pred_0": 0.9201531569022952,
        "model_2_multimer_v3_pred_0": 0.9321994478417275,
        "model_3_multimer_v3_pred_0": 0.9166723461949974,
        "model_4_multimer_v3_pred_0": 0.93066255135278,
        "model_5_multimer_v3_pred_0": 0.933463156909968
    },
    "order": [
        "model_5_multimer_v3_pred_0",
        "model_2_multimer_v3_pred_0",
        "model_4_multimer_v3_pred_0",
        "model_1_multimer_v3_pred_0",
        "model_3_multimer_v3_pred_0"
    ]
}