{
    "iptm+ptm": {
        "model_1_multimer_v3_pred_0": 0.9075913652191534,
        "model_2_multimer_v3_pred_0": 0.9083485498036042,
        "model_3_multimer_v3_pred_0": 0.9102697224603614,
        "model_4_multimer_v3_pred_0": 0.9083149190400305,
        "model_5_multimer_v3_pred_0": 0.9096543871899785
    },
    "order": [
        "model_3_multimer_v3_pred_0",
        "model_5_multimer_v3_pred_0",
        "model_2_multimer_v3_pred_0",
        "model_4_multimer_v3_pred_0",
        "model_1_multimer_v3_pred_0"
    ]
}