{
    "iptm+ptm": {
        "model_1_multimer_v3_pred_0": 0.8123263838840484,
        "model_2_multimer_v3_pred_0": 0.7424937518983322,
        "model_3_multimer_v3_pred_0": 0.7542028210862771,
        "model_4_multimer_v3_pred_0": 0.6897088052226013,
        "model_5_multimer_v3_pred_0": 0.7206655799719688
    },
    "order": [
        "model_1_multimer_v3_pred_0",
        "model_3_multimer_v3_pred_0",
        "model_2_multimer_v3_pred_0",
        "model_5_multimer_v3_pred_0",
        "model_4_multimer_v3_pred_0"
    ]
}