{
    "iptm+ptm": {
        "model_1_multimer_v3_pred_0": 0.6618670813991785,
        "model_2_multimer_v3_pred_0": 0.6314867336184299,
        "model_3_multimer_v3_pred_0": 0.7321190770515011,
        "model_4_multimer_v3_pred_0": 0.7208504672364183,
        "model_5_multimer_v3_pred_0": 0.7339863158973622
    },
    "order": [
        "model_5_multimer_v3_pred_0",
        "model_3_multimer_v3_pred_0",
        "model_4_multimer_v3_pred_0",
        "model_1_multimer_v3_pred_0",
        "model_2_multimer_v3_pred_0"
    ]
}