{
    "iptm+ptm": {
        "model_1_multimer_v3_pred_0": 0.8779521723234728,
        "model_2_multimer_v3_pred_0": 0.8604570607746077,
        "model_3_multimer_v3_pred_0": 0.8969176897727987,
        "model_4_multimer_v3_pred_0": 0.9009238929950765,
        "model_5_multimer_v3_pred_0": 0.8968070470058546
    },
    "order": [
        "model_4_multimer_v3_pred_0",
        "model_3_multimer_v3_pred_0",
        "model_5_multimer_v3_pred_0",
        "model_1_multimer_v3_pred_0",
        "model_2_multimer_v3_pred_0"
    ]
}