{
    "iptm+ptm": {
        "model_1_multimer_v3_pred_0": 0.8658474143260156,
        "model_2_multimer_v3_pred_0": 0.8801739312096117,
        "model_3_multimer_v3_pred_0": 0.8849392956804865,
        "model_4_multimer_v3_pred_0": 0.8894140858346009,
        "model_5_multimer_v3_pred_0": 0.869706333362281
    },
    "order": [
        "model_4_multimer_v3_pred_0",
        "model_3_multimer_v3_pred_0",
        "model_2_multimer_v3_pred_0",
        "model_5_multimer_v3_pred_0",
        "model_1_multimer_v3_pred_0"
    ]
}