{
    "iptm+ptm": {
        "model_1_multimer_v3_pred_0": 0.5421432108179108,
        "model_2_multimer_v3_pred_0": 0.40589418771955543,
        "model_3_multimer_v3_pred_0": 0.287720586552736,
        "model_4_multimer_v3_pred_0": 0.6070970985369055,
        "model_5_multimer_v3_pred_0": 0.8062375283914386
    },
    "order": [
        "model_5_multimer_v3_pred_0",
        "model_4_multimer_v3_pred_0",
        "model_1_multimer_v3_pred_0",
        "model_2_multimer_v3_pred_0",
        "model_3_multimer_v3_pred_0"
    ]
}