{
    "iptm+ptm": {
        "model_1_multimer_v3_pred_0": 0.4366302174824026,
        "model_2_multimer_v3_pred_0": 0.4632220048704506,
        "model_3_multimer_v3_pred_0": 0.39459924995338025,
        "model_4_multimer_v3_pred_0": 0.4576236060884191,
        "model_5_multimer_v3_pred_0": 0.4745735174279469
    },
    "order": [
        "model_5_multimer_v3_pred_0",
        "model_2_multimer_v3_pred_0",
        "model_4_multimer_v3_pred_0",
        "model_1_multimer_v3_pred_0",
        "model_3_multimer_v3_pred_0"
    ]
}