{
    "iptm+ptm": {
        "model_1_multimer_v3_pred_0": 0.3264052464622693,
        "model_2_multimer_v3_pred_0": 0.25815895084845003,
        "model_3_multimer_v3_pred_0": 0.36311694238304487,
        "model_4_multimer_v3_pred_0": 0.2798713375501932,
        "model_5_multimer_v3_pred_0": 0.29727631182060954
    },
    "order": [
        "model_3_multimer_v3_pred_0",
        "model_1_multimer_v3_pred_0",
        "model_5_multimer_v3_pred_0",
        "model_4_multimer_v3_pred_0",
        "model_2_multimer_v3_pred_0"
    ]
}