{
    "iptm+ptm": {
        "model_1_multimer_v3_pred_0": 0.89373294961931,
        "model_2_multimer_v3_pred_0": 0.8794950448429059,
        "model_3_multimer_v3_pred_0": 0.8908534615751069,
        "model_4_multimer_v3_pred_0": 0.8877990668328606,
        "model_5_multimer_v3_pred_0": 0.8960928554962451
    },
    "order": [
        "model_5_multimer_v3_pred_0",
        "model_1_multimer_v3_pred_0",
        "model_3_multimer_v3_pred_0",
        "model_4_multimer_v3_pred_0",
        "model_2_multimer_v3_pred_0"
    ]
}