{
    "iptm+ptm": {
        "model_1_multimer_v3_pred_0": 0.6820837393841759,
        "model_2_multimer_v3_pred_0": 0.6727342981929336,
        "model_3_multimer_v3_pred_0": 0.7258329190726626,
        "model_4_multimer_v3_pred_0": 0.7049531908307397,
        "model_5_multimer_v3_pred_0": 0.6913983763729135
    },
    "order": [
        "model_3_multimer_v3_pred_0",
        "model_4_multimer_v3_pred_0",
        "model_5_multimer_v3_pred_0",
        "model_1_multimer_v3_pred_0",
        "model_2_multimer_v3_pred_0"
    ]
}