{
    "iptm+ptm": {
        "model_1_multimer_v3_pred_0": 0.8748292134492008,
        "model_2_multimer_v3_pred_0": 0.8825474396026753,
        "model_3_multimer_v3_pred_0": 0.886319799898439,
        "model_4_multimer_v3_pred_0": 0.879863741370645,
        "model_5_multimer_v3_pred_0": 0.8858127398233249
    },
    "order": [
        "model_3_multimer_v3_pred_0",
        "model_5_multimer_v3_pred_0",
        "model_2_multimer_v3_pred_0",
        "model_4_multimer_v3_pred_0",
        "model_1_multimer_v3_pred_0"
    ]
}