{
    "iptm+ptm": {
        "model_1_multimer_v3_pred_0": 0.9172668062345449,
        "model_2_multimer_v3_pred_0": 0.9264197825418309,
        "model_3_multimer_v3_pred_0": 0.9263491431178239,
        "model_4_multimer_v3_pred_0": 0.9270101660584589,
        "model_5_multimer_v3_pred_0": 0.9245837255550281
    },
    "order": [
        "model_4_multimer_v3_pred_0",
        "model_2_multimer_v3_pred_0",
        "model_3_multimer_v3_pred_0",
        "model_5_multimer_v3_pred_0",
        "model_1_multimer_v3_pred_0"
    ]
}