{
    "iptm+ptm": {
        "model_1_multimer_v3_pred_0": 0.42178003489316673,
        "model_2_multimer_v3_pred_0": 0.6005300621029568,
        "model_3_multimer_v3_pred_0": 0.8675099942936696,
        "model_4_multimer_v3_pred_0": 0.8236006597507541,
        "model_5_multimer_v3_pred_0": 0.5415305325278565
    },
    "order": [
        "model_3_multimer_v3_pred_0",
        "model_4_multimer_v3_pred_0",
        "model_2_multimer_v3_pred_0",
        "model_5_multimer_v3_pred_0",
        "model_1_multimer_v3_pred_0"
    ]
}