{
    "iptm+ptm": {
        "model_1_multimer_v3_pred_0": 0.7933199837676883,
        "model_2_multimer_v3_pred_0": 0.8021909088299397,
        "model_3_multimer_v3_pred_0": 0.8118560913011716,
        "model_4_multimer_v3_pred_0": 0.8073708445269026,
        "model_5_multimer_v3_pred_0": 0.7818336870576768
    },
    "order": [
        "model_3_multimer_v3_pred_0",
        "model_4_multimer_v3_pred_0",
        "model_2_multimer_v3_pred_0",
        "model_1_multimer_v3_pred_0",
        "model_5_multimer_v3_pred_0"
    ]
}