{
    "iptm+ptm": {
        "model_1_multimer_v3_pred_0": 0.27546278794211243,
        "model_2_multimer_v3_pred_0": 0.8565976096666912,
        "model_3_multimer_v3_pred_0": 0.861959003896376,
        "model_4_multimer_v3_pred_0": 0.8807267576228986,
        "model_5_multimer_v3_pred_0": 0.8681417675983554
    },
    "order": [
        "model_4_multimer_v3_pred_0",
        "model_5_multimer_v3_pred_0",
        "model_3_multimer_v3_pred_0",
        "model_2_multimer_v3_pred_0",
        "model_1_multimer_v3_pred_0"
    ]
}