{
    "iptm+ptm": {
        "model_1_multimer_v3_pred_0": 0.8317724144945258,
        "model_2_multimer_v3_pred_0": 0.7757724409158757,
        "model_3_multimer_v3_pred_0": 0.8321257598308724,
        "model_4_multimer_v3_pred_0": 0.8385753598699411,
        "model_5_multimer_v3_pred_0": 0.8243420654263631
    },
    "order": [
        "model_4_multimer_v3_pred_0",
        "model_3_multimer_v3_pred_0",
        "model_1_multimer_v3_pred_0",
        "model_5_multimer_v3_pred_0",
        "model_2_multimer_v3_pred_0"
    ]
}