{
    "iptm+ptm": {
        "model_1_multimer_v3_pred_0": 0.7766698341372287,
        "model_2_multimer_v3_pred_0": 0.7227728858657458,
        "model_3_multimer_v3_pred_0": 0.6835264121164486,
        "model_4_multimer_v3_pred_0": 0.7411498134823287,
        "model_5_multimer_v3_pred_0": 0.630795174773395
    },
    "order": [
        "model_1_multimer_v3_pred_0",
        "model_4_multimer_v3_pred_0",
        "model_2_multimer_v3_pred_0",
        "model_3_multimer_v3_pred_0",
        "model_5_multimer_v3_pred_0"
    ]
}