{
    "iptm+ptm": {
        "model_1_multimer_v3_pred_0": 0.21525617313391376,
        "model_2_multimer_v3_pred_0": 0.2221916706540547,
        "model_3_multimer_v3_pred_0": 0.3633310987030933,
        "model_4_multimer_v3_pred_0": 0.27332937022174275,
        "model_5_multimer_v3_pred_0": 0.23959841553925026
    },
    "order": [
        "model_3_multimer_v3_pred_0",
        "model_4_multimer_v3_pred_0",
        "model_5_multimer_v3_pred_0",
        "model_2_multimer_v3_pred_0",
        "model_1_multimer_v3_pred_0"
    ]
}