{
    "iptm+ptm": {
        "model_1_multimer_v3_pred_0": 0.9168562447340398,
        "model_2_multimer_v3_pred_0": 0.916078918342991,
        "model_3_multimer_v3_pred_0": 0.9191179196127015,
        "model_4_multimer_v3_pred_0": 0.928595057112203,
        "model_5_multimer_v3_pred_0": 0.9212904107481661
    },
    "order": [
        "model_4_multimer_v3_pred_0",
        "model_5_multimer_v3_pred_0",
        "model_3_multimer_v3_pred_0",
        "model_1_multimer_v3_pred_0",
        "model_2_multimer_v3_pred_0"
    ]
}