{
    "iptm+ptm": {
        "model_1_multimer_v3_pred_0": 0.9363914238867601,
        "model_2_multimer_v3_pred_0": 0.9328468409494777,
        "model_3_multimer_v3_pred_0": 0.952587937041634,
        "model_4_multimer_v3_pred_0": 0.9388295495644964,
        "model_5_multimer_v3_pred_0": 0.9488261380978996
    },
    "order": [
        "model_3_multimer_v3_pred_0",
        "model_5_multimer_v3_pred_0",
        "model_4_multimer_v3_pred_0",
        "model_1_multimer_v3_pred_0",
        "model_2_multimer_v3_pred_0"
    ]
}