{
    "iptm+ptm": {
        "model_1_multimer_v3_pred_0": 0.8356168794488054,
        "model_2_multimer_v3_pred_0": 0.8155529768669736,
        "model_3_multimer_v3_pred_0": 0.7919115991360798,
        "model_4_multimer_v3_pred_0": 0.8852969346833706,
        "model_5_multimer_v3_pred_0": 0.8061237043283834
    },
    "order": [
        "model_4_multimer_v3_pred_0",
        "model_1_multimer_v3_pred_0",
        "model_2_multimer_v3_pred_0",
        "model_5_multimer_v3_pred_0",
        "model_3_multimer_v3_pred_0"
    ]
}