{
    "iptm+ptm": {
        "model_1_multimer_v3_pred_0": 0.7857183383496882,
        "model_2_multimer_v3_pred_0": 0.6387883652826946,
        "model_3_multimer_v3_pred_0": 0.6584824583926503,
        "model_4_multimer_v3_pred_0": 0.8320411935035744,
        "model_5_multimer_v3_pred_0": 0.6353607308216406
    },
    "order": [
        "model_4_multimer_v3_pred_0",
        "model_1_multimer_v3_pred_0",
        "model_3_multimer_v3_pred_0",
        "model_2_multimer_v3_pred_0",
        "model_5_multimer_v3_pred_0"
    ]
}