{
    "iptm+ptm": {
        "model_1_multimer_v3_pred_0": 0.6479861614309295,
        "model_2_multimer_v3_pred_0": 0.7525669129977095,
        "model_3_multimer_v3_pred_0": 0.42122855688140215,
        "model_4_multimer_v3_pred_0": 0.27159778381403327,
        "model_5_multimer_v3_pred_0": 0.6996995763194238
    },
    "order": [
        "model_2_multimer_v3_pred_0",
        "model_5_multimer_v3_pred_0",
        "model_1_multimer_v3_pred_0",
        "model_3_multimer_v3_pred_0",
        "model_4_multimer_v3_pred_0"
    ]
}