{
    "iptm+ptm": {
        "model_1_multimer_v3_pred_0": 0.8041752503578901,
        "model_2_multimer_v3_pred_0": 0.5975392416129308,
        "model_3_multimer_v3_pred_0": 0.5935426961299468,
        "model_4_multimer_v3_pred_0": 0.5994004138585342,
        "model_5_multimer_v3_pred_0": 0.7037684131663112
    },
    "order": [
        "model_1_multimer_v3_pred_0",
        "model_5_multimer_v3_pred_0",
        "model_4_multimer_v3_pred_0",
        "model_2_multimer_v3_pred_0",
        "model_3_multimer_v3_pred_0"
    ]
}