{
    "iptm+ptm": {
        "model_1_multimer_v3_pred_0": 0.6328019354975349,
        "model_2_multimer_v3_pred_0": 0.6117858495433961,
        "model_3_multimer_v3_pred_0": 0.6357913958777206,
        "model_4_multimer_v3_pred_0": 0.6156384644389838,
        "model_5_multimer_v3_pred_0": 0.6126014935922183
    },
    "order": [
        "model_3_multimer_v3_pred_0",
        "model_1_multimer_v3_pred_0",
        "model_4_multimer_v3_pred_0",
        "model_5_multimer_v3_pred_0",
        "model_2_multimer_v3_pred_0"
    ]
}