{
    "iptm+ptm": {
        "model_1_multimer_v3_pred_0": 0.8695600797699417,
        "model_2_multimer_v3_pred_0": 0.8817883422603691,
        "model_3_multimer_v3_pred_0": 0.8732727485815641,
        "model_4_multimer_v3_pred_0": 0.8687682893981372,
        "model_5_multimer_v3_pred_0": 0.8629407715525487
    },
    "order": [
        "model_2_multimer_v3_pred_0",
        "model_3_multimer_v3_pred_0",
        "model_1_multimer_v3_pred_0",
        "model_4_multimer_v3_pred_0",
        "model_5_multimer_v3_pred_0"
    ]
}