{
    "iptm+ptm": {
        "model_1_multimer_v3_pred_0": 0.8656548070333824,
        "model_2_multimer_v3_pred_0": 0.8702097982834583,
        "model_3_multimer_v3_pred_0": 0.8695202764430721,
        "model_4_multimer_v3_pred_0": 0.8812793646276036,
        "model_5_multimer_v3_pred_0": 0.8767130426253222
    },
    "order": [
        "model_4_multimer_v3_pred_0",
        "model_5_multimer_v3_pred_0",
        "model_2_multimer_v3_pred_0",
        "model_3_multimer_v3_pred_0",
        "model_1_multimer_v3_pred_0"
    ]
}