{
    "iptm+ptm": {
        "model_1_multimer_v3_pred_0": 0.9203402329458111,
        "model_2_multimer_v3_pred_0": 0.9196811451405682,
        "model_3_multimer_v3_pred_0": 0.9239739999557627,
        "model_4_multimer_v3_pred_0": 0.9198407290521157,
        "model_5_multimer_v3_pred_0": 0.9198640035173569
    },
    "order": [
        "model_3_multimer_v3_pred_0",
        "model_1_multimer_v3_pred_0",
        "model_5_multimer_v3_pred_0",
        "model_4_multimer_v3_pred_0",
        "model_2_multimer_v3_pred_0"
    ]
}