{
    "iptm+ptm": {
        "model_1_multimer_v3_pred_0": 0.8815040877692154,
        "model_2_multimer_v3_pred_0": 0.8424682373042088,
        "model_3_multimer_v3_pred_0": 0.8052280378906814,
        "model_4_multimer_v3_pred_0": 0.8219257415237058,
        "model_5_multimer_v3_pred_0": 0.732233484675943
    },
    "order": [
        "model_1_multimer_v3_pred_0",
        "model_2_multimer_v3_pred_0",
        "model_4_multimer_v3_pred_0",
        "model_3_multimer_v3_pred_0",
        "model_5_multimer_v3_pred_0"
    ]
}