{
    "iptm+ptm": {
        "model_1_multimer_v3_pred_0": 0.27337630880111696,
        "model_2_multimer_v3_pred_0": 0.8464824394480537,
        "model_3_multimer_v3_pred_0": 0.8416304328318315,
        "model_4_multimer_v3_pred_0": 0.8647213746200052,
        "model_5_multimer_v3_pred_0": 0.8470825032610569
    },
    "order": [
        "model_4_multimer_v3_pred_0",
        "model_5_multimer_v3_pred_0",
        "model_2_multimer_v3_pred_0",
        "model_3_multimer_v3_pred_0",
        "model_1_multimer_v3_pred_0"
    ]
}