{
    "iptm+ptm": {
        "model_1_multimer_v3_pred_0": 0.9344042473485529,
        "model_2_multimer_v3_pred_0": 0.9312107315559615,
        "model_3_multimer_v3_pred_0": 0.9365193499700575,
        "model_4_multimer_v3_pred_0": 0.9329996097152056,
        "model_5_multimer_v3_pred_0": 0.9352061372261645
    },
    "order": [
        "model_3_multimer_v3_pred_0",
        "model_5_multimer_v3_pred_0",
        "model_1_multimer_v3_pred_0",
        "model_4_multimer_v3_pred_0",
        "model_2_multimer_v3_pred_0"
    ]
}