{
    "iptm+ptm": {
        "model_1_multimer_v3_pred_0": 0.8769332232403138,
        "model_2_multimer_v3_pred_0": 0.8607879070691482,
        "model_3_multimer_v3_pred_0": 0.8863851642813156,
        "model_4_multimer_v3_pred_0": 0.8788224756395667,
        "model_5_multimer_v3_pred_0": 0.8902422462830247
    },
    "order": [
        "model_5_multimer_v3_pred_0",
        "model_3_multimer_v3_pred_0",
        "model_4_multimer_v3_pred_0",
        "model_1_multimer_v3_pred_0",
        "model_2_multimer_v3_pred_0"
    ]
}