{
    "iptm+ptm": {
        "model_1_multimer_v3_pred_0": 0.4463552469231322,
        "model_2_multimer_v3_pred_0": 0.4364064353239029,
        "model_3_multimer_v3_pred_0": 0.44866049938227637,
        "model_4_multimer_v3_pred_0": 0.4518126357693815,
        "model_5_multimer_v3_pred_0": 0.44638257154979977
    },
    "order": [
        "model_4_multimer_v3_pred_0",
        "model_3_multimer_v3_pred_0",
        "model_5_multimer_v3_pred_0",
        "model_1_multimer_v3_pred_0",
        "model_2_multimer_v3_pred_0"
    ]
}