{
    "iptm+ptm": {
        "model_1_multimer_v3_pred_0": 0.9022102757646802,
        "model_2_multimer_v3_pred_0": 0.8982438807414275,
        "model_3_multimer_v3_pred_0": 0.8982989842552246,
        "model_4_multimer_v3_pred_0": 0.9037340812830487,
        "model_5_multimer_v3_pred_0": 0.8984391069806916
    },
    "order": [
        "model_4_multimer_v3_pred_0",
        "model_1_multimer_v3_pred_0",
        "model_5_multimer_v3_pred_0",
        "model_3_multimer_v3_pred_0",
        "model_2_multimer_v3_pred_0"
    ]
}