{
    "iptm+ptm": {
        "model_1_multimer_v3_pred_0": 0.3786582999391821,
        "model_2_multimer_v3_pred_0": 0.33115254643995007,
        "model_3_multimer_v3_pred_0": 0.36804956116535564,
        "model_4_multimer_v3_pred_0": 0.36792724830989876,
        "model_5_multimer_v3_pred_0": 0.3200621384792216
    },
    "order": [
        "model_1_multimer_v3_pred_0",
        "model_3_multimer_v3_pred_0",
        "model_4_multimer_v3_pred_0",
        "model_2_multimer_v3_pred_0",
        "model_5_multimer_v3_pred_0"
    ]
}