{
    "iptm+ptm": {
        "model_1_multimer_v3_pred_0": 0.7683582662365737,
        "model_2_multimer_v3_pred_0": 0.6933928644358638,
        "model_3_multimer_v3_pred_0": 0.7848502244464154,
        "model_4_multimer_v3_pred_0": 0.8255965944156033,
        "model_5_multimer_v3_pred_0": 0.709997933449341
    },
    "order": [
        "model_4_multimer_v3_pred_0",
        "model_3_multimer_v3_pred_0",
        "model_1_multimer_v3_pred_0",
        "model_5_multimer_v3_pred_0",
        "model_2_multimer_v3_pred_0"
    ]
}