{
    "iptm+ptm": {
        "model_1_multimer_v3_pred_0": 0.9009523852742135,
        "model_2_multimer_v3_pred_0": 0.8973580250864787,
        "model_3_multimer_v3_pred_0": 0.9035343162006653,
        "model_4_multimer_v3_pred_0": 0.9022917208280413,
        "model_5_multimer_v3_pred_0": 0.9028467706778667
    },
    "order": [
        "model_3_multimer_v3_pred_0",
        "model_5_multimer_v3_pred_0",
        "model_4_multimer_v3_pred_0",
        "model_1_multimer_v3_pred_0",
        "model_2_multimer_v3_pred_0"
    ]
}