{
    "iptm+ptm": {
        "model_1_multimer_v3_pred_0": 0.8707930830593821,
        "model_2_multimer_v3_pred_0": 0.8692273459730867,
        "model_3_multimer_v3_pred_0": 0.8736883680333761,
        "model_4_multimer_v3_pred_0": 0.8778490630049923,
        "model_5_multimer_v3_pred_0": 0.8799134193849927
    },
    "order": [
        "model_5_multimer_v3_pred_0",
        "model_4_multimer_v3_pred_0",
        "model_3_multimer_v3_pred_0",
        "model_1_multimer_v3_pred_0",
        "model_2_multimer_v3_pred_0"
    ]
}