{
    "iptm+ptm": {
        "model_1_multimer_v3_pred_0": 0.6531133401167811,
        "model_2_multimer_v3_pred_0": 0.6421079579985081,
        "model_3_multimer_v3_pred_0": 0.6792087949677126,
        "model_4_multimer_v3_pred_0": 0.6820269969008025,
        "model_5_multimer_v3_pred_0": 0.6605269246802661
    },
    "order": [
        "model_4_multimer_v3_pred_0",
        "model_3_multimer_v3_pred_0",
        "model_5_multimer_v3_pred_0",
        "model_1_multimer_v3_pred_0",
        "model_2_multimer_v3_pred_0"
    ]
}