{
    "iptm+ptm": {
        "model_1_multimer_v3_pred_0": 0.8776096891477391,
        "model_2_multimer_v3_pred_0": 0.8753081475174398,
        "model_3_multimer_v3_pred_0": 0.8699995615566924,
        "model_4_multimer_v3_pred_0": 0.8724289090808379,
        "model_5_multimer_v3_pred_0": 0.8694190277839051
    },
    "order": [
        "model_1_multimer_v3_pred_0",
        "model_2_multimer_v3_pred_0",
        "model_4_multimer_v3_pred_0",
        "model_3_multimer_v3_pred_0",
        "model_5_multimer_v3_pred_0"
    ]
}