{
    "iptm+ptm": {
        "model_1_multimer_v3_pred_0": 0.9235732421269669,
        "model_2_multimer_v3_pred_0": 0.9207687194079822,
        "model_3_multimer_v3_pred_0": 0.9178312105557228,
        "model_4_multimer_v3_pred_0": 0.9201631661733674,
        "model_5_multimer_v3_pred_0": 0.9182825340498851
    },
    "order": [
        "model_1_multimer_v3_pred_0",
        "model_2_multimer_v3_pred_0",
        "model_4_multimer_v3_pred_0",
        "model_5_multimer_v3_pred_0",
        "model_3_multimer_v3_pred_0"
    ]
}